provider_domain,lines,distinct_npis,filer_group,filer_type
halomd.com,1067504,725,HaloMD,IDR specialist
saparm.com,802057,4,Singleton Associates,Radiology group
teamhealth.com,787572,155,TeamHealth,Physician group
fam-llc.com,597768,243,F&A Management,RCM / billing vendor
envisionhealth.com,418293,9614,Envision Healthcare,Physician group
primehealthcare.com,353720,303,Prime Healthcare,Hospital / health system
totalcare.us,306313,30,TotalCare ER,Emergency dept operator
agshealth.com,285382,348,AGS Health,RCM / billing vendor
bmhcc.org,233600,30,Baptist Memorial Health,Hospital / health system
scp-health.com,231891,414,SCP Health,Physician group
sonoranrm.com,215294,9,Sonoran Radiology,Radiology group
mbbrm.com,151020,1,"Mori, Bean & Brooks",Radiology group
qmacsmso.com,136051,88,QMACS MSO,RCM / billing vendor
radpmg.com,114534,127,Houston Radiology Associated,Radiology group
radixhealth.io,110408,719,Radix Health,RCM / billing vendor
altushealthsystem.com,108176,67,Altus Community Healthcare,Emergency dept operator
erevenuebilling.com,93752,31,eRevenue,RCM / billing vendor
mdcapitaladvisors.com,93106,1215,MD Capital Advisors,RCM / billing vendor
empireradrm.com,92145,2,Empire State Radiology,Radiology group
specialtycare.net,91955,8,SpecialtyCare,Neuromonitoring (IONM)
usap.com,84980,7,US Anesthesia Partners,Anesthesia group
zotecpartners.com,81091,44,Zotec Partners,RCM / billing vendor
iairm.com,79274,2,Imaging Associates of Indiana,Radiology group
ventrahealth.com,79202,119,Ventra Health,RCM / billing vendor
orthomedstaffing.com,75535,8,OrthoMed Staffing,Anesthesia group
gottliebandgreenspan.com,71736,639,Gottlieb & Greenspan,Law firm
callagyrecovery.com,69047,299,Callagy Law,Law firm
vituity.com,63418,271,Vituity,Physician group
roundtmc.com,62009,39,Round Table Physicians,Physician group
hcahealthcare.com,60776,263,HCA Healthcare,Hospital / health system
usacs.com,55321,67,US Acute Care Solutions,Physician group
callagylaw.com,51738,798,Callagy Law,Law firm
rightmedicalbilling.com,45812,55,Right Medical Billing,RCM / billing vendor
soundphysicians.com,44619,34,Sound Physicians,Physician group
apollomd.com,42406,58,ApolloMD,Physician group
nmaiom.com,41787,22,NMA IONM,Neuromonitoring (IONM)
complete.care,40612,52,Complete Care,Emergency dept operator
commonspirit.org,39288,111,CommonSpirit Health,Hospital / health system
r1rcm.com,38638,91,R1 RCM,RCM / billing vendor
gmail.com,32419,496,Individual practitioner (free email),Individual
scphealth.com,31536,239,SCP Health,Physician group
forthesurgeons.com,27851,405,East Coast Advanced Plastic Surgery,Physician group
radalliancerm.com,26482,2,Radiology Alliance,Radiology group
aimbillingsolutions.com,25620,32,AIM Billing Solutions,RCM / billing vendor
halkovichlaw.com,23389,176,Halkovich Law,Law firm
memorialvillageer.com,23060,11,Memorial Village ER,Emergency dept operator
adventhealth.com,22697,47,AdventHealth,Hospital / health system
simplexmed.com,22517,65,Simplex Med,RCM / billing vendor
legacyhealthllc.com,21724,16,Legacy ER,Emergency dept operator
summit-az.com,20954,119,Summit Anesthesia Partners,Anesthesia group
nosurprisebill.com,20484,47,No Surprise Bill,IDR specialist
redrockrad.com,20350,5,Radiology Specialists,Radiology group
provanesthesiology.com,19068,12,Providence Anesthesiology,Anesthesia group
gryphonhc.com,19056,28,Gryphon Healthcare,RCM / billing vendor
wellstar.org,18820,13,Wellstar,Hospital / health system
unitedionm.com,18434,82,United IONM,Neuromonitoring (IONM)
anesthesiadynamics.com,17765,25,Anesthesia Dynamics,Anesthesia group
pediatrix.com,16456,423,Pediatrix Medical Group,Physician group
smirm.com,16334,1,Specialists in Medical Imaging,Radiology group
logixhealth.com,12866,27,LogixHealth,RCM / billing vendor
ftpbilling.com,12693,8,FTP Billing,RCM / billing vendor
neighborshealth.com,12643,14,Neighbors Health,Emergency dept operator
alldatahealth.com,12364,119,AllData Health,RCM / billing vendor
omsmedbilling.com,12294,9,OrthoMed Staffing,Anesthesia group
preferredbillingaz.com,12287,208,Preferred Billing AZ,RCM / billing vendor
americaser.com,11440,21,America's ER,Emergency dept operator
heightsrcm.com,11239,4,Heights RCM,RCM / billing vendor
saintfrancis.com,10047,5,Saint Francis Health,Hospital / health system
collaborativeimaging.com,8823,1,Collaborative Imaging,Radiology group
victoriaemergency.com,8779,3,Victoria Emergency Partners,Emergency dept operator
bellaireer.com,8015,10,Bellaire ER,Emergency dept operator
syntechhealth.com,7008,6,Sun City Emergency Room,Emergency dept operator
natera.com,6721,5,Natera,Physician group
totalpointcare.com,6578,19,Total Point ER,Emergency dept operator
idrnsa.com,6143,12,IDR NSA,IDR specialist
afslaw.com,5428,198,ArentFox Schiff,Law firm
islandprofessionalbilling.com,5363,59,Island Professional Billing,RCM / billing vendor
premierchoicebill.com,4842,76,Premier Choice Billing,RCM / billing vendor
em-specialists.org,4767,11,EM Specialists,Physician group
neuroendomke.com,4733,12,Spine & Brain Institute of Wisconsin,Neuromonitoring (IONM)
onet-systems.com,4570,55,ONET Systems,RCM / billing vendor
epiomneuro.com,4550,39,EPIOM Neuro,Neuromonitoring (IONM)
usrcm.net,4408,81,US RCM,RCM / billing vendor
macservicesllc.com,4331,74,MAC Services,RCM / billing vendor
brownphysicians.org,3951,1,Brown Emergency Medicine,Physician group
healthworksbetter.com,3883,11,HealthWorks,RCM / billing vendor
tenethealth.com,3743,35,Tenet Healthcare,Hospital / health system
medhealthfinancial.com,3731,5,MedHealth Financial,RCM / billing vendor
accessradrm.com,3691,1,Radiology Associates of Southwest,Radiology group
racrm.com,3505,1,Radiology Associates of Canton,Radiology group
bergenanesthesiagroup.com,3480,2,Bergen Anesthesia,Anesthesia group
civie.com,3437,1,Collaborative Imaging,Radiology group
clearchoiceer.com,3182,2,Clear Choice ER,Emergency dept operator
saguaroanesthesia.com,2880,5,Saguaro Anesthesia,Anesthesia group
longislandbrainandspine.com,2848,16,Long Island Brain & Spine,Physician group
assa-nj.com,2822,5,Atlantic Shore Surgical,Physician group
shands.ufl.edu,2788,3,UF Health Shands,Hospital / health system
midstateradrm.com,2762,1,Murfreesboro Radiology,Radiology group
ecp.net,2712,15,Illinois Emergency Medicine Specialists,Physician group
wincherbilling.com,2611,10,Sun City Emergency Room,Emergency dept operator
elitebillingllc.com,2570,8,East Coast Advanced Plastic Surgery,Physician group
aol.com,2535,33,Individual practitioner (free email),Individual
prestigemedicalbill.com,2526,9,Prestige Medical Billing,RCM / billing vendor
jphealth.net,2518,2,JP Health,RCM / billing vendor
ihcsaz.com,2394,4,Fountain Hills Medical Center,Emergency dept operator
sbsbilling.com,2392,9,SBS Billing,RCM / billing vendor
wolfepincavage.com,2344,35,Wolfe Pincavage,Law firm
magmemphis.com,2337,1,Medical Anesthesia Group,Anesthesia group
ascentemc.com,1968,2,Ascent Emergency,Emergency dept operator
glynnlegal.com,1943,22,Glynn Legal,Law firm
vipmedicalmanagement.com,1938,5,VIP Medical Management,RCM / billing vendor
integrityrcmcorp.com,1927,23,Integrity RCM,RCM / billing vendor
nsabilling.com,1709,47,NSA Billing,RCM / billing vendor
swiftstar.com,1697,3,Swift Star,RCM / billing vendor
medbill-assoc.com,1684,31,MedBill Associates,RCM / billing vendor
uickc.com,1517,2,United Imaging Consultants,RCM / billing vendor
karisbilling.us,1514,8,Karis Billing,RCM / billing vendor
expresserbilling.com,1484,4,Express ER Billing,RCM / billing vendor
gbmc.org,1457,1,Greater Baltimore Medical Center,Hospital / health system
mlsmedbill.com,1454,21,MLS Medical Billing,RCM / billing vendor
prevailrcm.com,1401,11,Prevail RCM,RCM / billing vendor
mlanesthesia.com,1365,13,ML Anesthesia,Anesthesia group
usneuro.net,1308,15,Advanced Neuro Solutions,Neuromonitoring (IONM)
khcfirm.com,1270,66,KHC Firm,Law firm
texashealth.org,1242,26,Texas Health Resources,Hospital / health system
neurologiciom.com,1234,3,Neurologic IOM,Neuromonitoring (IONM)
apexionm.com,1178,11,Apex IONM,Neuromonitoring (IONM)
stormontvail.org,1167,3,Stormont Vail Health,Hospital / health system
njbrainspinebilling.com,1166,37,NJ Brain & Spine Billing,RCM / billing vendor
ansmonitoring.com,1162,10,Advanced Neuro Solutions,Neuromonitoring (IONM)
yahoo.com,1152,37,Individual practitioner (free email),Individual
maineneonatology.com,1134,4,,
paragonanesthesia.com,1133,3,,
kyleer.com,1115,2,,
lhs.org,1107,7,,
zanexmed.com,1075,3,,
hkanesthesia.com,1051,3,,
atlanticneurocare.com,1044,7,,
sycamoremm.com,1007,5,,
practicemax.com,994,38,,
chsli.org,958,11,,
globusmedical.com,946,3,,
recoveryspecialist.org,917,3,,
spinepainsolutions.com,911,3,,
christushealth.org,900,22,CHRISTUS Health,Hospital / health system
bjc.org,894,12,,
lonestar24hrer.com,860,2,,
pelmed.com,832,20,Hudson Regional billing,RCM / billing vendor
agilityrcm.com,832,33,,
solestra.net,771,12,,
mmbcontact.com,770,29,,
smsneuro.com,767,8,,
arbcollections.com,759,65,,
northwell.edu,738,84,,
md-management.net,704,85,,
nwrcm.com,683,15,,
uniteddx.com,675,26,,
cityorthosports.com,673,3,,
ipsmed.com,672,5,,
ssmhealth.com,640,21,,
northstaranesthesia.com,630,3,,
metrohealthbill.net,626,1,,
medexservices.com,607,23,,
cnsomd.com,574,4,,
vituity.onmicrosoft.com,565,4,,
brault.us,549,14,,
coaxialneuro.com,546,2,,
bssny.com,533,6,,
elitebillingandcollection.com,529,38,,
aarpc.com,525,15,,
practicewithease.com,496,7,,
erkaty.com,492,2,,
nextlevelcodingllc.com,490,6,,
ptanc.com,489,1,,
ventrasecure.com,483,6,,
fellowhealthpartners.com,482,7,,
mccancemd.com,481,4,,
hsg.healthcare,472,13,,
parallon.com,457,32,,
njbcenter.com,455,13,,
phampllc.com,446,4,,
ssc-nashville.com,434,44,,
boosthealthcare.com,416,5,,
altairhealth.com,404,11,,
nsb.solutions,403,23,,
mediclaimsservices.org,398,7,,
gen2med.com,375,1,,
dfwanesthesiology.com,370,4,,
ehc24.com,369,7,,
aclapath.com,351,1,,
nghs.com,341,4,,
oali.com,339,2,,
atriumhealth.org,331,19,,
smh.com,327,2,,
cohenhoward.com,324,52,,
datamarshall.com,310,4,,
fpsmedicalbilling.com,307,5,,
intneuro.org,304,1,,
spechealth.com,304,3,,
proficiosurgical.com,302,3,,
pswdocs.com,300,5,,
corevant.com,296,22,,
neurodynamicsinc.org,293,1,,
chs.net,292,11,,
billwell.net,287,40,,
avika-bs.com,283,19,,
aetna.com,267,4,,
spinedrs.com,262,4,,
imail.org,258,20,,
plutushealthinc.com,253,3,,
phsi.us,252,22,,
spinecarelongisland.com,247,5,,
sanfordhealth.org,242,13,,
aspirion.com,235,24,,
vgabilling.com,229,10,,
e-codesolutions.com,227,7,,
mlh.org,227,4,,
neurosurgerycnj.com,226,2,,
minevichlawgroup.com,225,6,,
northstardoc.com,222,1,,
lihandcenter.com,222,4,,
ahsrcm.com,219,2,,
nybg.com,216,3,,
emoryhealthcare.org,215,6,,
allianceortho.com,210,10,,
drsalas.com,208,1,,
kofinas.org,201,6,,
shbcllc.com,199,4,,
nybrainspine.com,193,3,,
beinhakerlaw.com,193,5,,
alliancebc.net,189,12,,
myspsdocs.com,184,4,,
armc.sbcounty.gov,179,2,,
ariesrcm.com,176,4,,
pephealth.net,172,3,,
healthclaimpartners.com,168,12,,
ensemblehp.com,167,6,,
sassonplasticsurgery.com,160,3,,
healthsystem.com,159,3,,
doctorscga.com,158,2,,
anthem.com,157,9,,
siparadigm.com,156,2,,
bracewell.com,155,22,,
crmcwy.org,154,2,,
gsbwc.com,152,7,,
alliesclinic.com,151,1,,
szglaw.com,151,6,,
victoriaemergeny.com,150,0,,
plssurgery.com,150,3,,
advocatehealth.org,149,15,,
renown.org,146,3,,
medicaldebt.net,144,2,,
guardanthealth.com,141,1,,
promedbillingsvs.com,137,3,,
precisionmedarb.com,134,6,,
froedtert.com,134,3,,
docs4docs360.com,133,1,,
lmesq.com,130,5,,
bmcjax.com,127,1,,
mayo.edu,125,8,,
spinemedli.com,124,3,,
mvmhealth.com,122,2,,
bgc-law.com,113,7,,
atlanticbrainandspine.org,111,0,,
mountsinai.org,111,2,,
icare-er.com,103,4,,
hudsonneurosurgery.com,101,2,,
affinitymedsol.com,99,8,,
wellspan.org,98,6,,
seacoastspine.com,97,1,,
medallioncm.com,96,3,,
solutionsfmb.com,96,1,,
halifax.org,94,2,,
probillusa.com,94,4,,
lcabinskylaw.com,91,20,,
curamedgroup.com,86,1,,
piedmont.org,83,16,,
strg-pa.com,82,1,,
millermilone.com,81,9,,
alldataheatlh.com,81,3,,
secureabeo.com,80,1,,
zelis.com,79,7,,
arsahealth.com,78,6,,
aah.org,78,11,,
uhc.com,77,16,,
medstar.net,76,1,,
correctcareinc.com,74,2,,
hbcmd.com,73,3,,
gottusolaw.com,72,3,,
colemedical.com,66,3,,
laredoemergency.com,64,0,,
resourceone-llc.com,62,2,,
orthosurgteam.com,61,2,,
utrad.com,61,1,,
nphllc.com,59,2,,
alpinerevenuemanagement.com,57,4,,
primhealthcare.com,56,0,,
njss.net,56,4,,
sweetwatermemorial.com,55,1,,
siparadig.com,53,2,,
slhs.org,53,5,,
nosuprisebill.com,50,1,,
collectionpro.com,49,8,,
adelfimbs.com,45,12,,
sapientlogic.com,44,1,,
amprocesses.com,43,1,,
savantmeddata.com,43,1,,
accuratedebt.net,42,5,,
p1rs.com,42,1,,
hotmail.com,42,5,Individual practitioner (free email),Individual
devington.com,41,3,,
wisestaffbilling.com,40,2,,
eamedbill.com,40,5,,
pedsneurosurgerynj.com,40,1,,
hubcarepath.com,40,1,,
mssm.edu,39,3,,
multiplan.com,38,14,,
hpiinc.com,37,1,,
assureiom.com,36,2,,
onwusurgical.com,36,1,,
clearhs.com,36,8,,
arentfox.com,36,4,,
thenathlawfirm.com,35,1,,
outlook.com,35,1,Individual practitioner (free email),Individual
multicare.org,35,7,,
beverlyhillsherniacenter.com,35,2,,
nymedsol.com,35,1,,
od-ns.com,34,6,,
aoundphysicians.com,34,1,,
ccf.org,33,8,,
hamidmirmd.com,31,2,,
jenkinsneurospine.com,30,1,,
malvernridgesolutions.com,30,2,,
lakenormanofs.com,30,1,,
circadianbg.com,30,1,,
axisneuro.com,30,4,,
superesq.com,29,2,,
phoenix-rcm.com,29,2,,
forthesugeons.com,28,14,,
saparm.comc,28,1,,
primeheathcare.com,28,0,,
lvlgroup.com,26,1,,
cigna.com,26,4,,
upmc.edu,26,10,,
ventraheal.com,26,0,,
peakmedbilling.net,26,6,,
ppmaltd.com,26,1,,
exceptionalidr.com,26,2,,
lvl1grp.com,26,2,,
lipsg.com,25,6,,
summitdocs.com,25,3,,
fmolhs.org,24,3,,
billingiom.com,24,4,,
spspc.org,24,2,,
mehlingbilling.com,24,3,,
pnsnj.com,24,1,,
hcahealtcare.com,23,9,,
essentiahealth.org,23,14,,
harrisplasticsurgery.com,23,2,,
hsc.utah.edu,23,1,,
sidneyrmc.com,23,1,,
saintlukeskc.org,23,4,,
sonoranrm.comc,22,1,,
chomp.org,22,2,,
floresvillehealth.com,22,1,,
leverngear.com,21,14,,
bcbstx.com,21,5,,
redefinemanagement.filevineapp.com,21,4,,
cmbilling.net,20,5,,
primehealhcare.com,20,0,,
newyorkurologyspecialists.com,20,1,,
suffolksurgery.com,20,1,,
primehealth.com,20,1,,
fairview.org,19,2,,
nspc.com,19,9,,
primehealthcae.com,19,0,,
pritipatelmd.com,19,3,,
1021park.com,19,1,,
oharemedbill.com,19,1,,
quantumrad.com,19,1,,
gottleibandgreenspan.com,19,2,,
envisionhealth.comd,18,2,,
lnaapa.com,18,1,,
perfecture.com,18,1,,
guardianeuro.com,18,1,,
envisionhealth.comqpqpa,18,1,,
johnmuirhealth.com,18,2,,
adventhealth.comv,17,1,,
med-net.info,17,3,,
fam-ll.com,17,1,,
patriotcompli.com,16,4,,
selfregional.org,16,1,,
saparm.comq,16,1,,
revenuebilling.com,16,1,,
drnimapatel.com,16,1,,
empireradrm.co,15,1,,
physicianbillingsolutions.net,15,0,,
nycosmeticmd.com,15,3,,
zotecpartnerc.com,15,0,,
mdcapitalavisors.com,14,14,,
northjerseyvascular.com,14,1,,
tosmny.com,14,4,,
airmethods.com,14,1,,
sluhn.org,14,6,,
lvlgrp.com,14,1,,
newneurons.net,14,0,,
altushealth.com,14,4,,
froedtertsouth.com,13,1,,
nwendometriosis.com,13,4,,
radpa.com,13,1,,
verizon.net,13,1,,
envsionhealth.com,13,1,,
saparm.com424-352-0743,13,1,,
omegahms.com,13,1,,
saint-lukes.org,12,3,,
asterobgyn.com,12,4,,
linked2care.com,12,5,,
lafayetteheart.com,12,1,,
centralorthopedicgroup.com,12,1,,
spine-nj.com,12,1,,
bcbsk.com,12,1,,
adrightmedicalbilling.com,12,1,,
arietishealth.com,12,1,,
mdnmedicalbilling.com,12,5,,
drprpa.com,12,1,,
ecommunity.com,12,4,,
grewalspine.com,11,2,,
ccsamd.com,11,1,,
mcallener.com,11,0,,
jkcdocs.com,11,1,,
nwappc.com,11,0,,
billdex.org,10,2,,
cchmc.org,10,1,,
primehealthcare.com125.60,10,0,,
pepheath.net,10,0,,
hrmd.com,10,2,,
nuvasive.com,10,2,,
track.idrclaims.com,10,4,,
pedatrix.com,10,2,,
surgerymattersllc.com,10,3,,
srhc.com,10,2,,
uscas.com,10,1,,
foxxware.com,9,2,,
prremierchoicebill.com,9,1,,
fam-llc.comv,9,1,,
lpnt.net,9,5,,
hkmpp.com,9,2,,
callagrecovery.com,9,0,,
valleychildrens.org,9,1,,
divitiaembs.com,9,4,,
optonline.net,8,2,,
centrahealth.com,8,3,,
ymail.com,8,2,,
collectrx.com,8,2,,
medloopus.com,8,2,,
esasurgery.com,8,2,,
qumacsmso.com,8,4,,
bayhealth.org,8,2,,
forthesurgeon.com,8,8,,
synergenhealth.com,8,1,,
cornellmedclaim.com,8,3,,
bannerhealth.com,8,6,,
peditrix.com,8,1,,
pier17pmm.com,7,1,,
hcmsus.com,7,3,,
bhattlawgroup.com,7,2,,
reproductiveimmunology.com,7,1,,
longislandbraindandspine.com,7,1,,
gnrasst.com,7,0,,
aristaadvantage.com,7,2,,
soundphysicins.com,7,1,,
med-metrix.com,7,3,,
horizonblue.com,6,3,,
mettahealth.org,6,1,,
njms.rutgers.edu,6,1,,
transformweightlossllc.com,6,1,,
medrecoverysolutions.com,6,1,,
baycare.org,6,5,,
trinity-health.org,6,4,,
artplasticsurgeons.com,6,3,,
laurelchandlermd.com,6,1,,
winchebilling.com,6,0,,
ncpsmd.com,6,1,,
infamedics.com,6,1,,
mbbrm.comf,6,1,,
transformweightloss.com,6,1,,
mbbrm.comr,6,1,,
ascendarbitration.com,6,5,,
wakehealth.edu,6,2,,
versiti.org,6,1,,
integrityrcm.com,6,2,,
knowtionhealth.com,6,5,,
medwork.io,6,3,,
iorthomd.com,5,1,,
premierhosp.com,5,1,,
alldathealth.com,5,0,,
bcbst.com,5,2,,
piomneuro.com,5,1,,
klausnerinstitute.com,5,1,,
acuetrcm.com,5,1,,
alldathaealth.com,5,0,,
phxsurgery.com,5,1,,
azweightlossclinic.com,5,1,,
summitanesthesiaarbitration.com,5,5,,
ambpllc.com,5,1,,
nmbs1.com,5,3,,
clearhealthcloud.com,5,2,,
specialtyaestheticsurgery.com,5,1,,
smsneuro.comqaalerts,5,1,,
crmcollect.com,5,2,,
gpsmdpc.com,5,1,,
unitedx.com,5,1,,
dreyfuss.com,5,4,,
nebraskamed.com,5,2,,
precisionhub.com,5,1,,
neauroendomke.com,5,2,,
rightmedicalbilling.comq,5,1,,
castlebiosciences.com,5,2,,
careplusmp.com,5,0,,
bayortho.com,5,1,,
monitoringconcepts.net,5,4,,
ketteringhealth.org,5,4,,
amerorthopaedics.com,4,1,,
wvumedicine.org,4,3,,
valleywidesurgical.com,4,3,,
supmedmgmt.com,4,2,,
mdcapitaladvsors.com,4,1,,
eiomneuro.com,4,1,,
pediatix.com,4,1,,
mederiservices.com,4,2,,
edwinkwon.com,4,1,,
med.cornell.edu,4,2,,
stoughtonhealth.com,4,1,,
envisionhealth.comq,4,1,,
greathealthprovider.fake,4,1,,
alldataheallth.com,4,0,,
fam-llc.om,4,2,,
callagyreccovery.com,4,0,,
callagryrecovery.com,4,0,,
soundphysicains.com,4,1,,
"",4,2,,
callagylaw.co,4,0,,
forthesurgesons.com,4,3,,
claim-doc.com,4,1,,
northjerseyspinegroup.com,4,1,,
rush.edu,4,1,,
sonoranrm.comq,4,1,,
aventhealth.com,3,1,,
optimaanesthesia.com,3,0,,
fortheusrgeons.com,3,2,,
md-management.com,3,1,,
azvitallaw.com,3,1,,
omsmedbiling.com,3,1,,
fothesurgeons.com,3,3,,
spinecaremanagement.com,3,0,,
simplexmerd.com,3,2,,
bcbsm.com,3,1,,
callgyrecovery.com,3,0,,
crossbaymedical.com,3,1,,
preferredbilingaz.com,3,3,,
apsns.net,3,1,,
scp-health.co,3,1,,
alliancehealthsystems.com,3,1,,
njbrainspinebiling.com,3,2,,
craigbaldenhofermd.com,3,1,,
rtmc.com,3,1,,
soundphysicans.com,3,1,,
nkch.org,3,1,,
fam-llc.comt,3,1,,
mercer-health.com,3,1,,
smiplexmed.com,3,1,,
aaot.org,3,1,,
md-management.ne,3,3,,
ebillingsolutions.net,3,2,,
nmaiiom.com,3,1,,
epiomneuro.cm,3,1,,
halomad.com,3,1,,
mainehealth.org,3,2,,
iairm.comb,3,1,,
fam-llc.com3,3,1,,
cloudmed.com,3,3,,
r1rcm.comq,2,0,,
aspirus.org,2,1,,
houstonmethodist.org,2,0,,
erlanger.org,2,2,,
ameriaser.com,2,2,,
envisionhealth.com560,2,1,,
primesurgicare.com,2,1,,
hcahealth.com,2,1,,
mbbrm.comx,2,1,,
scp-health.comq,2,2,,
omsfoxcities.com,2,1,,
totalcare.com,2,2,,
agshealth.comq,2,2,,
liap.info,2,1,,
mdcapitaladvisors.com71,2,1,,
frthesurgeons.com,2,1,,
orthomedbilling.com,2,1,,
drdaviddupree.com,2,1,,
smirm.comq,2,1,,
usap.om,2,1,,
eiltebillingllc.com,2,1,,
mbbrm.comq,2,1,,
envisionhealth.com5,2,1,,
atlanticnueorcare.com,2,0,,
stiebermd.com,2,1,,
earthlink.net,2,1,,
aim.com,2,0,,
baycare.net,2,1,,
iairm.com424-352-0743,2,1,,
iwncherbilling.com,2,0,,
halomd.com0000000,2,1,,
allstarssurgical.com,2,1,,
alignedortho.com,2,1,,
scp-health.comc,2,1,,
uscs.com,2,1,,
elitebillingandcollections.com,2,1,,
corercm.com,2,2,,
tesslermd.com,2,1,,
ramapo.edu,2,2,,
caromonthealth.org,2,1,,
secureventra.com,2,1,,
performancerehabnj.com,2,1,,
paaragonanesthesia.com,2,1,,
spineepainsolutions.com,2,1,,
collaborativeimaging.com71,2,1,,
totalcrae.us,2,1,,
globalhealthcareresource.com,2,2,,
trinitydialysisclinic.com,2,1,,
nosurpriseill.com,2,1,,
americaer.com,2,2,,
rightmedialbilling.com,2,1,,
envisionhealth.comv,2,2,,
mebill-assoc.com,2,1,,
iairm.comq,2,1,,
houstoncraniofacial.com,2,1,,
merrifieldlaw.com,2,0,,
aristasolutionsinc.com,2,2,,
commonsclinic.com,2,1,,
alladathealth.com,2,0,,
epilepsygroup.com,2,1,,
amerciaser.com,2,1,,
gottlebandgreenspan.com,1,0,,
provanesthesiology.co,1,1,,
pchonline.org,1,0,,
synergy-hp.com,1,1,,
orthomedstaffing.comy7777777777,1,1,,
bmhcc.o3rg,1,1,,
shbcllc.om,1,1,,
neurodiagnostictex.com,1,0,,
halomd.come,1,1,,
synapsesiom.com,1,1,,
smirm.comc,1,1,,
modernorthonj.com,1,1,,
ameriacaser.com,1,1,,
survivalflightinc.com,1,1,,
greenbergcosmeticsurgery.com,1,1,,
primehealthcare.comq,1,0,,
totalcare.is,1,1,,
islandprofessionalbilling.om,1,1,,
mdcapital.com,1,1,,
mdcaptialadvisors.com,1,1,,
altamed.com,1,0,,
onet-sytems.com,1,1,,
verdicalrcm.com,1,1,,
uhsinc.com,1,1,,
islandprofessionabilling.com,1,1,,
r1rc.mcom,1,1,,
lihandccenter.com,1,1,,
riversideer.com,1,1,,
mmclawgroup.com,1,1,,
forthesurgeons.cm,1,1,,
familyemergencyroom.com,1,1,,
atlanticpediatricorthopedics.com,1,1,,
cortho.org,1,0,,
ilandprofessionalbilling.com,1,1,,
springtidehealth.com,1,1,,
restorationortho.com,1,1,,
miamibeachplasticsurgery.com,1,1,,
halomd.comvvvvvvvvvvvvvvvvvvvvvvvvvvvvvvvvvvvvvvvvvvvvvvvvvvvvvv,1,1,,
racrm.comq,1,1,,
toyalcare.us,1,1,,
bossrabinowitz.com,1,1,,
syntechhealth.comq,1,1,,
forthesurgoens.com,1,1,,
gotliebandgreenspan.com,1,0,,
northjerseyneuro.com,1,0,,
envisionhealth.como,1,1,,
tprsg.com,1,1,,
specializedrevenue.com,1,1,,
palmettopain.net,1,0,,
elitebilling.com,1,1,,
healthplansinc.com,1,1,,
provanesthesiology.com509.97,1,1,,
ivinsonhospital.org,1,1,,
unitrddx.com,1,1,,
wicnherbilling.com,1,1,,
specialtycare.netr,1,1,,
levinsolutions.com,1,1,,
bcbsil.com,1,1,,
hera-health.com,1,1,,
tottalcare.us,1,1,,
preferrredbillingaz.com,1,1,,
saparm.com-b,1,1,,
totalcarte.us,1,1,,
amricaser.com,1,1,,
empireradrm.comq,1,1,,
assa.nj.com,1,1,,
omsmedbillling.com,1,1,,
nmaiom.co,1,1,,
nutexhealth.com,1,1,,
schealth.com,1,1,,
halomd.comw,1,1,,
quickmedclaims.com,1,1,,
northstarrcts.com,1,1,,
villagehealth.care,1,1,,
umcsn.com,1,1,,
wisemedicalbilling.com,1,1,,
sonoranrm.comm,1,1,,
islandprofessionlbilling.com,1,1,,
sapientlogic.cfom,1,1,,
apcjc.com,1,0,,
qualchoice.com,1,0,,
adventhealt.com,1,1,,
expressemergencyroom.com,1,1,,
eliteneurophysiology.com,1,1,,
haldmd.com,1,1,,
clearskiesanesthesia.com,1,0,,
altushealthysystem.com,1,1,,
mbmplus.org,1,1,,
gottliebandgreespan.com,1,0,,
networkspine.com,1,1,,
ftpbilling.comm,1,1,,
forthesurgeons.ccom,1,0,,
aac-md.com,1,0,,
millermilone.ccom,1,1,,
azblue.com,1,1,,
bellairer.com,1,1,,
rcha.net,1,1,,
usap.co,1,1,,
envisionhealth.comvnjac48,1,0,,
interhealthsolutions.com,1,1,,
untieddx.com,1,1,,
whn.care,1,0,,
envisionhealth.co,1,1,,
forthesurgions.com,1,1,,
wincherbiilling.com,1,0,,
foundationmedicine.com,1,1,,
e-billingsolutions.net,1,1,,
saparm.comz,1,1,,
med.umich.edu,1,1,,
commonspirti.org,1,0,,
agshealth.comanie,1,1,,
optum.com,1,1,,
medhealtfinancial.com,1,1,,
tech-med.com,1,1,,
mlanesthesia.co,1,1,,
rdlbilling.com,1,1,,
gottliebandgreenspand.com,1,0,,
toetalnyc.com,1,1,,
forthesuregons.com,1,1,,
memorialhermann.com,1,1,,
oaaweb.com,1,1,,
mlacinc.com,1,1,,
uniteidonm.com,1,1,,
preferedbillingaz.com,1,1,,
longislandbrainandspine.com.com,1,1,,
childrens.com,1,1,,
cnsmd.com,1,1,,
mlh.ort,1,1,,
mlanesthesia.comm,1,1,,
scp-health.com337-609-2720,1,0,,
njbcener.com,1,1,,
ams-md.com,1,0,,
mhnetwork.org,1,1,,
phiairmedical.com,1,1,,
summacare.com,1,1,,
gottlievandgreenspan.com,1,0,,
atlanticneurorcare.com,1,0,,
parkavenuemedicine.com,1,1,,
iaatpa.com,1,0,,
uiowa.edu,1,0,,
r1rcm.comaetna,1,1,,
gmail.co,1,1,,
luriechildrens.org,1,1,,
healthcare.com,1,1,,
ftp.com,1,1,,
forthesurgeon.coms,1,1,,
radpmg.comom,1,0,,
gottliebandgreenpan.com,1,0,,
aah.com,1,0,,
gottliebandgreendspan.com,1,0,,
mediservltd.com,1,1,,
lihandcdenter.com,1,1,,
mlh.og,1,1,,
browphysicians.org,1,1,,
totalcare.ussh,1,1,,
omemedbilling.com,1,1,,
usrcm.met,1,1,,
mehlingbilliong.com,1,1,,
northwellhealth.edu,1,1,,
unitreddx.com,1,1,,
elitebilllingandcollection.com,1,1,,
nychhc.org,1,1,,
callagylae.com,1,1,,
aarpcc.om,1,1,,
siparadim.com,1,1,,
spine-nyc.com,1,1,,
uniterdionm.com,1,1,,
mehlngbilling.com,1,1,,
halomd.comv,1,1,,
pmimed.biz,1,1,,
ggottliebandgreenspan.com,1,0,,
totalare.us,1,1,,
mdcapitaladvisors.comp,1,1,,
agshealth.com337-609-2720,1,1,,
agshealth.comc,1,1,,
christusheath.org,1,1,,
orthmedstaffing.com,1,1,,
mdcapitaladviors.com,1,1,,
teamhealth.co,1,1,,
gail.com,1,1,,
medhealthpartners.com,1,1,,
uitedionm.com,1,1,,
christushealth.orgrg,1,1,,
att.net,1,1,,
fairhealthsolutions.org,1,1,,
collabortiveimaging.com,1,1,,
macservicesll.com,1,1,,
medhealthfiancial.com,1,1,,
healthfirst.com,1,1,,
orthomedstaffing.comdisp-1957417,1,1,,
halomd.comokay,1,1,,
qmacsmo.com,1,1,,
quadax.com,1,1,,
crhanesthesia.com,1,1,,
teamhealth.comle,1,1,,
empireradrm.com424-352-0743,1,1,,
callagyrcovery.com,1,0,,
nwrmc.com,1,1,,
kyleer.comz,1,1,,
statspecialtyhospital.com,1,1,,
agshealth.comcom,1,1,,
proficosurgical.com,1,1,,
nsomd.com,1,1,,
meritain.com,1,1,,
neurosurgerynj.com,1,1,,
christusheatlh.org,1,1,,
scphealth.comb,1,1,,
plutushealthinc.comz,1,1,,
